{
  "linear_regression": {
    "MSE": 0.22836742401916094,
    "MAE": 0.28672527407922904,
    "R2": 0.723655764497847
  },
  "decision_tree": {
    "MSE": 0.17123211473645245,
    "MAE": 0.2309426500182049,
    "R2": 0.7927944055790914
  },
  "catboost": {
    "MSE": 0.17065053115502532,
    "MAE": 0.2552736930402109,
    "R2": 0.7934981717615072
  },
  "xgboost": {
    "MSE": 0.16130410186466934,
    "MAE": 0.19980980691259176,
    "R2": 0.8048081555212822
  },
  "neural_network": {
    "MSE": 0.17245768845144208,
    "MAE": 0.21360737940071298,
    "R2": 0.7913113559157037
  }
}