{
  "linear_regression": {
    "MSE": 0.22836742401916094,
    "MAE": 0.28672527407922904,
    "R2": 0.723655764497847
  },
  "decision_tree": {
    "MSE": 0.1712321147364524,
    "MAE": 0.23094265001820496,
    "R2": 0.7927944055790915
  },
  "catboost": {
    "MSE": 0.17065053115502532,
    "MAE": 0.2552736930402109,
    "R2": 0.7934981717615072
  },
  "xgboost": {
    "MSE": 0.17113859531000306,
    "MAE": 0.21328896433105887,
    "R2": 0.7929075721330242
  },
  "neural_network": {
    "MSE": 0.17561854970633542,
    "MAE": 0.24451894492607504,
    "R2": 0.7874864417854879
  }
}